"cohort_month","month_number","referral_source","total_mrr","active_customers","revenue_retention_pct"
"2024-12-01",0,partner,112630,4,100.00
"2024-12-01",0,other,72299,4,100.00
"2024-12-01",0,organic,135342,4,100.00
"2024-12-01",0,event,39291,3,100.00
"2024-12-01",0,ads,23971,2,100.00
"2024-11-01",0,ads,11176,2,100.00
"2024-11-01",0,partner,16296,3,100.00
"2024-11-01",0,other,27784,3,100.00
"2024-11-01",0,event,90431,7,100.00
"2024-11-01",0,organic,103254,10,100.00
"2024-11-01",1,event,110098,7,121.75
"2024-11-01",1,ads,97079,4,868.64
"2024-11-01",1,organic,177007,13,171.43
"2024-11-01",1,other,48199,5,173.48
"2024-11-01",1,partner,40009,3,245.51
"2024-10-01",0,partner,14488,2,100.00
"2024-10-01",0,event,19567,5,100.00
"2024-10-01",0,other,90012,6,100.00
"2024-10-01",0,organic,25646,4,100.00
"2024-10-01",1,ads,15645,3,100.00
"2024-10-01",1,partner,21906,6,151.20
"2024-10-01",1,other,114934,8,127.69
"2024-10-01",1,event,43567,6,222.66
"2024-10-01",1,organic,64243,6,250.50
"2024-10-01",2,ads,27661,3,176.80
"2024-10-01",2,organic,63080,7,245.96
"2024-10-01",2,other,130611,8,145.10
"2024-10-01",2,partner,85597,5,590.81
"2024-10-01",2,event,55182,4,282.02
"2024-09-01",0,organic,54837,4,100.00
"2024-09-01",0,ads,5506,2,100.00
"2024-09-01",0,event,11157,5,100.00
"2024-09-01",0,other,40896,4,100.00
"2024-09-01",0,partner,12855,5,100.00
"2024-09-01",1,other,11776,3,28.79
"2024-09-01",1,partner,22955,6,178.57
"2024-09-01",1,ads,58246,4,1057.86
"2024-09-01",1,organic,22125,3,40.35
"2024-09-01",1,event,34147,5,306.06
"2024-09-01",2,other,3648,2,8.92
"2024-09-01",2,organic,18547,5,33.82
"2024-09-01",2,partner,29971,4,233.15
"2024-09-01",2,ads,34855,4,633.04
"2024-09-01",2,event,79308,5,710.84
"2024-09-01",3,other,27984,4,68.43
"2024-09-01",3,ads,12780,4,232.11
"2024-09-01",3,partner,20977,6,163.18
"2024-09-01",3,event,55525,5,497.67
"2024-09-01",3,organic,44807,5,81.71
"2024-08-01",0,ads,1140,2,100.00
"2024-08-01",0,event,7451,3,100.00
"2024-08-01",0,organic,8781,5,100.00
"2024-08-01",0,partner,7547,2,100.00
"2024-08-01",1,ads,16294,1,1429.30
"2024-08-01",1,event,7221,2,96.91
"2024-08-01",1,organic,46290,7,527.16
"2024-08-01",1,other,33958,5,100.00
"2024-08-01",1,partner,11704,3,155.08
"2024-08-01",2,other,38722,5,114.03
"2024-08-01",2,ads,190,1,16.67
"2024-08-01",2,organic,24368,6,277.51
"2024-08-01",2,partner,22639,3,299.97
"2024-08-01",2,event,2442,3,32.77
"2024-08-01",3,other,31377,4,92.40
"2024-08-01",3,ads,18262,2,1601.93
"2024-08-01",3,partner,27286,3,361.55
"2024-08-01",3,organic,35837,7,408.12
"2024-08-01",3,event,1930,3,25.90
"2024-08-01",4,event,5487,3,73.64
"2024-08-01",4,other,20977,5,61.77
"2024-08-01",4,ads,4124,2,361.75
"2024-08-01",4,organic,29657,7,337.74
"2024-08-01",4,partner,13688,3,181.37
"2024-07-01",0,other,6212,4,100.00
"2024-07-01",0,organic,12841,3,100.00
"2024-07-01",0,partner,6811,2,100.00
"2024-07-01",0,event,4901,2,100.00
"2024-07-01",0,ads,20823,5,100.00
"2024-07-01",1,event,10149,2,207.08
"2024-07-01",1,partner,20596,5,302.39
"2024-07-01",1,ads,28471,5,136.73
"2024-07-01",1,organic,31269,6,243.51
"2024-07-01",1,other,11747,5,189.10
"2024-07-01",2,ads,11254,2,54.05
"2024-07-01",2,event,8474,3,172.90
"2024-07-01",2,organic,51989,5,404.87
"2024-07-01",2,other,27015,5,434.88
"2024-07-01",2,partner,22796,5,334.69
"2024-07-01",3,organic,21023,6,163.72
"2024-07-01",3,other,63043,6,1014.86
"2024-07-01",3,ads,19063,4,91.55
"2024-07-01",3,partner,6572,4,96.49
"2024-07-01",3,event,20776,1,423.91
"2024-07-01",4,organic,32555,4,253.52
"2024-07-01",4,partner,39424,3,578.83
"2024-07-01",4,ads,3928,3,18.86
"2024-07-01",4,event,12113,3,247.15
"2024-07-01",4,other,47459,6,763.99
"2024-07-01",5,ads,40739,4,195.64
"2024-07-01",5,event,3482,3,71.05
"2024-07-01",5,organic,26100,5,203.26
"2024-07-01",5,partner,58864,2,864.25
"2024-07-01",5,other,3940,4,63.43
"2024-06-01",0,event,10105,2,100.00
"2024-06-01",0,organic,4179,1,100.00
"2024-06-01",0,partner,4776,1,100.00
"2024-06-01",0,ads,15943,7,100.00
"2024-06-01",1,event,12337,6,122.09
"2024-06-01",1,partner,4776,1,100.00
"2024-06-01",1,ads,57151,9,358.47
"2024-06-01",1,organic,798,1,19.10
"2024-06-01",1,other,5364,1,100.00
"2024-06-01",2,event,22686,6,224.50
"2024-06-01",2,partner,1176,1,24.62
"2024-06-01",2,other,10284,1,191.72
"2024-06-01",2,ads,28088,8,176.18
"2024-06-01",3,other,1003,1,18.70
"2024-06-01",3,organic,4179,1,100.00
"2024-06-01",3,ads,29767,9,186.71
"2024-06-01",3,event,26799,4,265.21
"2024-06-01",3,partner,1176,1,24.62
"2024-06-01",4,other,11837,1,220.67
"2024-06-01",4,event,19013,5,188.15
"2024-06-01",4,ads,37636,9,236.07
"2024-06-01",5,event,19659,6,194.55
"2024-06-01",5,partner,2548,1,53.35
"2024-06-01",5,ads,21309,11,133.66
"2024-06-01",6,organic,1225,1,29.31
"2024-06-01",6,event,27567,5,272.81
"2024-06-01",6,other,14803,1,275.97
"2024-06-01",6,partner,1026,1,21.48
"2024-06-01",6,ads,36481,10,228.82
"2024-05-01",0,organic,73899,5,100.00
"2024-05-01",0,other,16607,3,100.00
"2024-05-01",0,partner,5328,1,100.00
"2024-05-01",1,event,1421,1,100.00
"2024-05-01",1,organic,54095,10,73.20
"2024-05-01",1,other,4332,3,26.09
"2024-05-01",1,partner,13011,4,244.20
"2024-05-01",2,organic,32468,7,43.94
"2024-05-01",2,other,3980,2,23.97
"2024-05-01",2,partner,9875,3,185.34
"2024-05-01",3,organic,18949,5,25.64
"2024-05-01",3,partner,10048,2,188.59
"2024-05-01",3,other,4655,3,28.03
"2024-05-01",4,partner,27571,4,517.47
"2024-05-01",4,other,18167,5,109.39
"2024-05-01",4,organic,30348,4,41.07
"2024-05-01",5,other,17027,4,102.53
"2024-05-01",5,event,15438,1,1086.42
"2024-05-01",5,partner,12468,3,234.01
"2024-05-01",5,organic,35211,7,47.65
"2024-05-01",6,organic,23329,5,31.57
"2024-05-01",6,other,11855,3,71.39
"2024-05-01",6,partner,11551,4,216.80
"2024-05-01",6,event,1135,1,79.87
"2024-05-01",7,organic,45081,6,61.00
"2024-05-01",7,other,20411,4,122.91
"2024-05-01",7,event,1066,1,75.02
"2024-05-01",7,partner,13953,3,261.88
"2024-04-01",0,ads,11351,2,100.00
"2024-04-01",0,event,582,2,100.00
"2024-04-01",0,organic,18847,2,100.00
"2024-04-01",0,other,1176,1,100.00
"2024-04-01",1,event,1222,2,209.97
"2024-04-01",1,organic,30812,3,163.48
"2024-04-01",1,ads,11625,6,102.41
"2024-04-01",1,partner,2552,1,100.00
"2024-04-01",2,ads,7438,4,65.53
"2024-04-01",2,event,10512,4,1806.19
"2024-04-01",2,other,6866,2,583.84
"2024-04-01",2,organic,1653,3,8.77
"2024-04-01",3,ads,20436,6,180.04
"2024-04-01",3,event,10540,3,1811.00
"2024-04-01",3,organic,14212,2,75.41
"2024-04-01",3,other,10149,3,863.01
"2024-04-01",4,organic,6630,4,35.18
"2024-04-01",4,ads,14799,6,130.38
"2024-04-01",4,partner,3097,1,121.36
"2024-04-01",4,event,29362,4,5045.02
"2024-04-01",4,other,9068,3,771.09
"2024-04-01",5,organic,13065,2,69.32
"2024-04-01",5,ads,24887,5,219.25
"2024-04-01",5,partner,22295,2,873.63
"2024-04-01",5,event,6352,3,1091.41
"2024-04-01",6,organic,14276,4,75.75
"2024-04-01",6,ads,50308,7,443.20
"2024-04-01",6,event,6849,3,1176.80
"2024-04-01",6,other,19303,2,1641.41
"2024-04-01",7,ads,4057,5,35.74
"2024-04-01",7,event,6977,3,1198.80
"2024-04-01",7,organic,34627,5,183.73
"2024-04-01",7,other,17114,1,1455.27
"2024-04-01",7,partner,4040,1,158.31
"2024-04-01",8,ads,25345,3,223.28
"2024-04-01",8,event,13370,3,2297.25
"2024-04-01",8,organic,2989,2,15.86
"2024-04-01",8,other,4670,2,397.11
"2024-04-01",8,partner,32684,2,1280.72
"2024-03-01",0,other,20975,4,100.00
"2024-03-01",0,ads,2388,1,100.00
"2024-03-01",0,partner,3184,1,100.00
"2024-03-01",0,organic,824,2,100.00
"2024-03-01",0,event,1831,3,100.00
"2024-03-01",1,organic,15101,3,1832.65
"2024-03-01",1,partner,1791,1,56.25
"2024-03-01",1,event,19334,3,1055.93
"2024-03-01",1,ads,15145,2,634.21
"2024-03-01",1,other,13755,4,65.58
"2024-03-01",2,event,17690,4,966.14
"2024-03-01",2,partner,7393,2,232.19
"2024-03-01",2,ads,10664,2,446.57
"2024-03-01",2,organic,7875,4,955.70
"2024-03-01",2,other,38172,7,181.99
"2024-03-01",3,event,12370,3,675.59
"2024-03-01",3,organic,6007,3,729.00
"2024-03-01",3,ads,27338,3,1144.81
"2024-03-01",3,other,15013,3,71.58
"2024-03-01",3,partner,5602,3,175.94
"2024-03-01",4,ads,2947,1,123.41
"2024-03-01",4,event,17849,4,974.82
"2024-03-01",4,organic,5781,2,701.58
"2024-03-01",4,other,30022,8,143.13
"2024-03-01",4,partner,1613,2,50.66
"2024-03-01",5,ads,11098,3,464.74
"2024-03-01",5,partner,152,1,4.77
"2024-03-01",5,event,12220,4,667.39
"2024-03-01",5,other,38037,6,181.34
"2024-03-01",5,organic,2868,2,348.06
"2024-03-01",6,ads,23362,5,978.31
"2024-03-01",6,event,7731,3,422.23
"2024-03-01",6,organic,15474,4,1877.91
"2024-03-01",6,partner,784,1,24.62
"2024-03-01",7,other,18950,5,90.35
"2024-03-01",7,event,20765,4,1134.08
"2024-03-01",7,organic,24282,3,2946.84
"2024-03-01",7,partner,1567,2,49.21
"2024-03-01",7,ads,5869,3,245.77
"2024-03-01",8,other,14676,4,69.97
"2024-03-01",8,ads,29964,3,1254.77
"2024-03-01",8,event,12189,4,665.70
"2024-03-01",8,partner,1406,1,44.16
"2024-03-01",8,organic,11645,2,1413.23
"2024-03-01",9,ads,12819,4,536.81
"2024-03-01",9,other,33135,7,157.97
"2024-03-01",9,organic,8557,1,1038.47
"2024-03-01",9,event,14534,4,793.77
"2024-02-01",0,ads,15721,1,100.00
"2024-02-01",0,organic,931,1,100.00
"2024-02-01",0,other,836,1,100.00
"2024-02-01",0,event,11343,1,100.00
"2024-02-01",1,ads,427,2,2.72
"2024-02-01",1,event,5250,2,46.28
"2024-02-01",1,organic,7450,3,800.21
"2024-02-01",2,event,6657,1,58.69
"2024-02-01",2,organic,19413,4,2085.18
"2024-02-01",2,ads,3920,1,24.93
"2024-02-01",2,other,735,1,87.92
"2024-02-01",3,ads,12832,4,81.62
"2024-02-01",3,organic,31935,5,3430.18
"2024-02-01",3,other,2985,1,357.06
"2024-02-01",3,event,171,1,1.51
"2024-02-01",4,ads,9751,2,62.03
"2024-02-01",4,organic,1858,3,199.57
"2024-02-01",4,event,5933,2,52.31
"2024-02-01",5,organic,20128,5,2161.98
"2024-02-01",5,ads,190,2,1.21
"2024-02-01",5,other,2205,1,263.76
"2024-02-01",5,event,3184,1,28.07
"2024-02-01",6,organic,7297,3,783.78
"2024-02-01",6,event,1006,2,8.87
"2024-02-01",7,ads,10548,2,67.09
"2024-02-01",7,event,3920,2,34.56
"2024-02-01",7,organic,8756,3,940.49
"2024-02-01",8,ads,893,1,5.68
"2024-02-01",8,organic,23536,4,2528.03
"2024-02-01",9,ads,1791,1,11.39
"2024-02-01",9,event,5572,1,49.12
"2024-02-01",9,organic,9965,5,1070.35
"2024-02-01",9,other,342,1,40.91
"2024-02-01",10,ads,16824,4,107.02
"2024-02-01",10,organic,18903,4,2030.40
"2024-02-01",10,other,5445,1,651.32
"2024-01-01",0,ads,6368,1,100.00
"2024-01-01",0,partner,9253,2,100.00
"2024-01-01",0,other,1653,1,100.00
"2024-01-01",0,organic,1323,1,100.00
"2024-01-01",0,event,3781,1,100.00
"2024-01-01",1,event,874,1,23.12
"2024-01-01",1,organic,15089,1,1140.51
"2024-01-01",1,other,7497,2,453.54
"2024-01-01",1,ads,7109,1,111.64
"2024-01-01",1,partner,11156,2,120.57
"2024-01-01",2,ads,8230,2,129.24
"2024-01-01",2,partner,14806,4,160.01
"2024-01-01",2,other,18735,3,1133.39
"2024-01-01",3,partner,33271,4,359.57
"2024-01-01",3,ads,8101,3,127.21
"2024-01-01",3,event,3781,1,100.00
"2024-01-01",3,organic,5373,1,406.12
"2024-01-01",3,other,19010,2,1150.03
"2024-01-01",4,other,35404,3,2141.80
"2024-01-01",4,ads,1127,1,17.70
"2024-01-01",4,partner,37033,5,400.23
"2024-01-01",5,other,6297,3,380.94
"2024-01-01",5,event,1813,1,47.95
"2024-01-01",5,partner,27655,2,298.88
"2024-01-01",5,ads,2005,2,31.49
"2024-01-01",5,organic,10464,1,790.93
"2024-01-01",6,event,784,1,20.74
"2024-01-01",6,other,11208,3,678.04
"2024-01-01",6,organic,2235,2,168.93
"2024-01-01",6,ads,15115,2,237.36
"2024-01-01",6,partner,18347,3,198.28
"2024-01-01",7,organic,9552,1,722.00
"2024-01-01",7,ads,2005,2,31.49
"2024-01-01",7,partner,18641,3,201.46
"2024-01-01",7,other,14154,2,856.26
"2024-01-01",8,ads,829,2,13.02
"2024-01-01",8,partner,15371,2,166.12
"2024-01-01",8,event,784,1,20.74
"2024-01-01",8,organic,15856,2,1198.49
"2024-01-01",8,other,52167,2,3155.90
"2024-01-01",9,event,1127,1,29.81
"2024-01-01",9,partner,13111,3,141.69
"2024-01-01",9,other,7337,2,443.86
"2024-01-01",9,organic,5373,1,406.12
"2024-01-01",10,event,304,1,8.04
"2024-01-01",10,other,2241,2,135.57
"2024-01-01",10,partner,25782,4,278.63
"2024-01-01",10,ads,2210,2,34.70
"2024-01-01",10,organic,9552,1,722.00
"2024-01-01",11,partner,1470,1,15.89
"2024-01-01",11,ads,1045,2,16.41
"2024-01-01",11,organic,7725,2,583.90
"2024-01-01",11,other,8454,4,511.43
"2023-12-01",0,ads,15522,1,100.00
"2023-12-01",0,event,399,1,100.00
"2023-12-01",0,partner,152,1,100.00
"2023-12-01",1,ads,4721,2,30.41
"2023-12-01",1,organic,7378,2,100.00
"2023-12-01",1,event,7673,2,1923.06
"2023-12-01",1,partner,23529,4,15479.61
"2023-12-01",2,ads,22524,3,145.11
"2023-12-01",2,organic,6806,2,92.25
"2023-12-01",2,event,1372,1,343.86
"2023-12-01",2,partner,9198,6,6051.32
"2023-12-01",3,partner,18927,3,12451.97
"2023-12-01",3,organic,1127,1,15.28
"2023-12-01",3,event,5668,1,1420.55
"2023-12-01",3,ads,31641,2,203.85
"2023-12-01",4,partner,2345,4,1542.76
"2023-12-01",4,ads,7099,2,45.74
"2023-12-01",4,other,872,2,100.00
"2023-12-01",4,organic,441,1,5.98
"2023-12-01",5,partner,34917,6,22971.71
"2023-12-01",5,event,5668,2,1420.55
"2023-12-01",5,ads,2185,1,14.08
"2023-12-01",5,organic,2246,1,30.44
"2023-12-01",5,other,627,1,71.90
"2023-12-01",6,organic,1176,1,15.94
"2023-12-01",6,partner,16974,4,11167.11
"2023-12-01",6,ads,686,1,4.42
"2023-12-01",6,event,10082,1,2526.82
"2023-12-01",6,other,245,1,28.10
"2023-12-01",7,other,2391,2,274.20
"2023-12-01",7,ads,1792,2,11.54
"2023-12-01",7,partner,33299,6,21907.24
"2023-12-01",8,ads,637,1,4.10
"2023-12-01",8,organic,4179,1,56.64
"2023-12-01",8,other,8184,1,938.53
"2023-12-01",8,event,4378,1,1097.24
"2023-12-01",8,partner,13675,4,8996.71
"2023-12-01",9,other,627,1,71.90
"2023-12-01",9,ads,4266,3,27.48
"2023-12-01",9,partner,9271,2,6099.34
"2023-12-01",10,partner,9928,3,6531.58
"2023-12-01",10,event,7105,3,1780.70
"2023-12-01",10,ads,5211,2,33.57
"2023-12-01",11,partner,40153,6,26416.45
"2023-12-01",11,ads,7787,3,50.17
"2023-12-01",11,event,4976,2,1247.12
"2023-12-01",11,organic,15694,1,212.71
"2023-12-01",12,ads,11361,3,73.19
"2023-12-01",12,other,294,2,33.72
"2023-12-01",12,event,5014,1,1256.64
"2023-12-01",12,organic,1791,1,24.27
"2023-12-01",12,partner,28783,5,18936.18
"2023-11-01",0,ads,2774,3,100.00
"2023-11-01",0,event,8360,3,100.00
"2023-11-01",0,organic,15954,1,100.00
"2023-11-01",1,partner,2303,1,100.00
"2023-11-01",1,ads,4192,3,151.12
"2023-11-01",1,event,7385,4,88.34
"2023-11-01",1,organic,1542,2,9.67
"2023-11-01",1,other,1564,2,100.00
"2023-11-01",2,partner,9353,1,406.12
"2023-11-01",2,organic,7467,4,46.80
"2023-11-01",2,ads,4058,2,146.29
"2023-11-01",2,other,13931,4,890.73
"2023-11-01",3,event,7787,3,93.15
"2023-11-01",3,organic,3700,3,23.19
"2023-11-01",3,ads,22065,4,795.42
"2023-11-01",3,other,4997,2,319.50
"2023-11-01",4,other,2786,1,178.13
"2023-11-01",4,ads,26865,3,968.46
"2023-11-01",4,event,24833,5,297.05
"2023-11-01",4,organic,30286,5,189.83
"2023-11-01",5,other,21201,3,1355.56
"2023-11-01",5,event,6826,4,81.65
"2023-11-01",5,ads,2765,2,99.68
"2023-11-01",5,organic,5749,4,36.03
"2023-11-01",6,ads,15836,2,570.87
"2023-11-01",6,organic,17507,4,109.73
"2023-11-01",6,other,3016,2,192.84
"2023-11-01",6,event,8153,5,97.52
"2023-11-01",7,organic,6045,3,37.89
"2023-11-01",7,ads,2785,2,100.40
"2023-11-01",7,other,5827,5,372.57
"2023-11-01",7,event,8653,3,103.50
"2023-11-01",8,event,7767,4,92.91
"2023-11-01",8,organic,10251,5,64.25
"2023-11-01",8,ads,19897,4,717.27
"2023-11-01",8,other,2898,3,185.29
"2023-11-01",9,ads,9902,3,356.96
"2023-11-01",9,other,784,1,50.13
"2023-11-01",9,partner,5047,1,219.15
"2023-11-01",9,event,4617,2,55.23
"2023-11-01",9,organic,5011,4,31.41
"2023-11-01",10,other,9234,2,590.41
"2023-11-01",10,organic,10694,4,67.03
"2023-11-01",10,ads,8296,3,299.06
"2023-11-01",11,event,14257,4,170.54
"2023-11-01",11,other,1659,1,106.07
"2023-11-01",11,organic,1421,1,8.91
"2023-11-01",11,ads,9008,3,324.73
"2023-11-01",12,other,2332,3,149.10
"2023-11-01",12,ads,5294,2,190.84
"2023-11-01",12,organic,12563,3,78.75
"2023-11-01",12,event,8635,4,103.29
"2023-11-01",13,other,1520,3,97.19
"2023-11-01",13,ads,31567,3,1137.96
"2023-11-01",13,event,7125,3,85.23
"2023-11-01",13,organic,5365,2,33.63
"2023-11-01",13,partner,2303,1,100.00
"2023-10-01",0,other,2495,2,100.00
"2023-10-01",0,partner,1603,2,100.00
"2023-10-01",0,organic,5845,2,100.00
"2023-10-01",1,other,13532,2,542.36
"2023-10-01",1,ads,1583,1,100.00
"2023-10-01",1,partner,4987,4,311.10
"2023-10-01",1,event,38,1,100.00
"2023-10-01",2,event,3038,1,7994.74
"2023-10-01",2,partner,12294,4,766.94
"2023-10-01",2,organic,3022,3,51.70
"2023-10-01",2,ads,2645,2,167.09
"2023-10-01",2,other,3414,2,136.83
"2023-10-01",3,partner,7262,3,453.03
"2023-10-01",3,ads,9062,3,572.46
"2023-10-01",3,organic,1813,2,31.02
"2023-10-01",4,event,9675,2,25460.53
"2023-10-01",4,ads,931,1,58.81
"2023-10-01",4,organic,27406,2,468.88
"2023-10-01",4,partner,3342,2,208.48
"2023-10-01",4,other,19664,2,788.14
"2023-10-01",5,other,3718,3,149.02
"2023-10-01",5,ads,1911,2,120.72
"2023-10-01",5,event,833,1,2192.11
"2023-10-01",5,partner,6013,2,375.11
"2023-10-01",5,organic,2388,2,40.86
"2023-10-01",6,event,1273,1,3350.00
"2023-10-01",6,ads,8013,3,506.19
"2023-10-01",6,organic,228,1,3.90
"2023-10-01",7,other,2388,1,95.71
"2023-10-01",7,event,21426,3,56384.21
"2023-10-01",7,partner,6901,2,430.51
"2023-10-01",7,organic,4508,1,77.13
"2023-10-01",7,ads,5569,2,351.80
"2023-10-01",8,organic,7363,1,125.97
"2023-10-01",8,partner,1501,3,93.64
"2023-10-01",8,ads,16992,3,1073.40
"2023-10-01",8,other,2548,2,102.12
"2023-10-01",9,organic,5579,2,95.45
"2023-10-01",9,ads,1393,2,88.00
"2023-10-01",9,other,4805,2,192.59
"2023-10-01",10,ads,6166,1,389.51
"2023-10-01",10,partner,5604,3,349.59
"2023-10-01",10,event,9905,2,26065.79
"2023-10-01",10,other,10149,2,406.77
"2023-10-01",11,event,967,1,2544.74
"2023-10-01",11,partner,19702,4,1229.07
"2023-10-01",11,other,3781,1,151.54
"2023-10-01",11,ads,14983,3,946.49
"2023-10-01",11,organic,5165,2,88.37
"2023-10-01",12,partner,4721,1,294.51
"2023-10-01",12,other,15097,3,605.09
"2023-10-01",12,ads,1805,3,114.02
"2023-10-01",12,organic,6988,2,119.56
"2023-10-01",13,event,3283,1,8639.47
"2023-10-01",13,partner,11145,1,695.26
"2023-10-01",13,organic,392,1,6.71
"2023-10-01",13,ads,9627,4,608.15
"2023-10-01",13,other,7592,3,304.29
"2023-10-01",14,organic,1290,2,22.07
"2023-10-01",14,ads,2899,2,183.13
"2023-10-01",14,other,17910,2,717.84
"2023-10-01",14,event,3663,2,9639.47
"2023-09-01",0,ads,2597,1,100.00
"2023-09-01",0,organic,1779,2,100.00
"2023-09-01",0,partner,1029,1,100.00
"2023-09-01",1,ads,5970,1,229.88
"2023-09-01",1,organic,29054,1,1633.16
"2023-09-01",1,event,2548,1,100.00
"2023-09-01",1,other,950,1,100.00
"2023-09-01",1,partner,4331,2,420.89
"2023-09-01",2,ads,6368,1,245.21
"2023-09-01",2,other,11386,2,1198.53
"2023-09-01",2,partner,5336,2,518.56
"2023-09-01",2,event,960,2,37.68
"2023-09-01",2,organic,28635,3,1609.61
"2023-09-01",3,ads,40551,2,1561.46
"2023-09-01",3,other,13742,2,1446.53
"2023-09-01",3,event,2587,1,101.53
"2023-09-01",3,organic,910,2,51.15
"2023-09-01",4,ads,1007,1,38.78
"2023-09-01",4,other,5536,2,582.74
"2023-09-01",4,partner,18271,2,1775.61
"2023-09-01",4,event,551,1,21.62
"2023-09-01",4,organic,17776,2,999.21
"2023-09-01",5,partner,1820,2,176.87
"2023-09-01",5,event,8256,3,324.02
"2023-09-01",5,organic,22734,4,1277.91
"2023-09-01",5,ads,392,1,15.09
"2023-09-01",6,partner,10322,3,1003.11
"2023-09-01",6,ads,7965,2,306.70
"2023-09-01",6,event,3087,2,121.15
"2023-09-01",6,organic,19788,4,1112.31
"2023-09-01",6,other,12507,3,1316.53
"2023-09-01",7,event,597,1,23.43
"2023-09-01",7,organic,17017,5,956.55
"2023-09-01",7,ads,2786,1,107.28
"2023-09-01",7,other,950,1,100.00
"2023-09-01",7,partner,20696,2,2011.27
"2023-09-01",8,event,3047,2,119.58
"2023-09-01",8,organic,7714,2,433.61
"2023-09-01",8,ads,2033,2,78.28
"2023-09-01",8,partner,4075,3,396.02
"2023-09-01",9,event,950,1,37.28
"2023-09-01",9,partner,9950,1,966.96
"2023-09-01",9,organic,12701,4,713.94
"2023-09-01",9,other,833,1,87.68
"2023-09-01",9,ads,16852,2,648.90
"2023-09-01",10,organic,12558,4,705.90
"2023-09-01",10,event,7318,2,287.21
"2023-09-01",10,partner,13829,3,1343.93
"2023-09-01",10,other,14593,3,1536.11
"2023-09-01",10,ads,19467,2,749.60
"2023-09-01",11,event,4260,1,167.19
"2023-09-01",11,partner,4378,1,425.46
"2023-09-01",11,organic,13485,2,758.01
"2023-09-01",11,other,625,2,65.79
"2023-09-01",12,event,950,1,37.28
"2023-09-01",12,partner,931,1,90.48
"2023-09-01",12,organic,17663,3,992.86
"2023-09-01",12,other,4089,3,430.42
"2023-09-01",12,ads,3137,2,120.79
"2023-09-01",13,event,4869,2,191.09
"2023-09-01",13,other,4419,2,465.16
"2023-09-01",13,organic,29005,4,1630.41
"2023-09-01",13,partner,16669,2,1619.92
"2023-09-01",14,other,20172,4,2123.37
"2023-09-01",14,partner,9552,2,928.28
"2023-09-01",14,organic,4795,2,269.53
"2023-09-01",14,event,2587,1,101.53
"2023-09-01",15,other,6368,1,670.32
"2023-09-01",15,partner,5967,3,579.88
"2023-09-01",15,ads,9211,2,354.68
"2023-09-01",15,organic,13264,3,745.59
"2023-09-01",15,event,12265,3,481.36
"2023-08-01",0,other,12139,1,100.00
"2023-08-01",0,event,551,1,100.00
"2023-08-01",0,ads,380,1,100.00
"2023-08-01",1,other,4485,2,36.95
"2023-08-01",1,partner,3808,1,100.00
"2023-08-01",1,ads,12736,1,3351.58
"2023-08-01",1,event,14745,2,2676.04
"2023-08-01",2,ads,2926,2,770.00
"2023-08-01",2,other,2502,1,20.61
"2023-08-01",2,event,1197,1,217.24
"2023-08-01",2,partner,3746,1,98.37
"2023-08-01",3,other,5914,1,48.72
"2023-08-01",3,ads,980,1,257.89
"2023-08-01",3,partner,3808,1,100.00
"2023-08-01",4,event,8557,1,1552.99
"2023-08-01",4,ads,627,1,165.00
"2023-08-01",4,organic,1519,1,100.00
"2023-08-01",4,partner,1568,1,41.18
"2023-08-01",4,other,1727,2,14.23
"2023-08-01",5,partner,2205,1,57.90
"2023-08-01",5,other,6206,2,51.12
"2023-08-01",5,organic,4116,1,270.97
"2023-08-01",6,event,3136,1,569.15
"2023-08-01",6,ads,494,1,130.00
"2023-08-01",6,partner,2744,1,72.06
"2023-08-01",6,other,6540,2,53.88
"2023-08-01",7,ads,5554,2,1461.58
"2023-08-01",7,partner,1078,1,28.31
"2023-08-01",7,other,2307,3,19.00
"2023-08-01",7,event,1105,2,200.54
"2023-08-01",8,organic,4577,1,301.32
"2023-08-01",8,other,17872,3,147.23
"2023-08-01",8,event,13134,2,2383.67
"2023-08-01",9,event,2033,2,368.97
"2023-08-01",9,other,5259,3,43.32
"2023-08-01",9,ads,5174,1,1361.58
"2023-08-01",9,partner,4705,3,123.56
"2023-08-01",10,event,4179,1,758.44
"2023-08-01",10,other,16280,2,134.11
"2023-08-01",11,ads,29585,3,7785.53
"2023-08-01",11,organic,1127,1,74.19
"2023-08-01",11,event,12548,3,2277.31
"2023-08-01",11,other,1319,2,10.87
"2023-08-01",12,other,4560,2,37.56
"2023-08-01",12,event,5208,1,945.19
"2023-08-01",12,ads,8292,2,2182.11
"2023-08-01",12,partner,21180,2,556.20
"2023-08-01",13,other,12139,1,100.00
"2023-08-01",13,event,1129,2,204.90
"2023-08-01",13,partner,22885,2,600.97
"2023-08-01",13,ads,13230,2,3481.58
"2023-08-01",14,partner,2744,1,72.06
"2023-08-01",14,other,1558,2,12.83
"2023-08-01",14,event,4749,2,861.89
"2023-08-01",14,organic,6733,1,443.25
"2023-08-01",15,event,7584,2,1376.41
"2023-08-01",15,ads,9353,1,2461.32
"2023-08-01",15,other,4190,2,34.52
"2023-08-01",16,ads,4360,1,1147.37
"2023-08-01",16,event,10850,2,1969.15
"2023-08-01",16,other,3217,3,26.50
"2023-08-01",16,partner,855,1,22.45
"2023-07-01",0,partner,11224,2,100.00
"2023-07-01",0,ads,24079,1,100.00
"2023-07-01",1,ads,5589,3,23.21
"2023-07-01",1,partner,9618,4,85.69
"2023-07-01",1,other,133,1,100.00
"2023-07-01",1,organic,1470,1,100.00
"2023-07-01",2,other,456,1,342.86
"2023-07-01",2,partner,1029,1,9.17
"2023-07-01",3,organic,285,1,19.39
"2023-07-01",3,partner,722,1,6.43
"2023-07-01",3,event,1715,1,100.00
"2023-07-01",4,organic,14304,4,973.06
"2023-07-01",4,ads,2388,1,9.92
"2023-07-01",4,partner,7844,2,69.89
"2023-07-01",5,organic,1210,1,82.31
"2023-07-01",5,event,3781,1,220.47
"2023-07-01",5,ads,7048,2,29.27
"2023-07-01",5,other,304,1,228.57
"2023-07-01",5,partner,796,1,7.09
"2023-07-01",6,partner,874,2,7.79
"2023-07-01",6,other,1078,1,810.53
"2023-07-01",6,organic,11466,3,780.00
"2023-07-01",7,other,2189,1,1645.86
"2023-07-01",7,partner,5630,2,50.16
"2023-07-01",7,ads,2608,2,10.83
"2023-07-01",8,event,665,1,38.78
"2023-07-01",8,partner,3218,3,28.67
"2023-07-01",8,ads,4996,3,20.75
"2023-07-01",8,organic,7247,2,492.99
"2023-07-01",9,organic,3781,1,257.21
"2023-07-01",9,event,12935,2,754.23
"2023-07-01",9,ads,2204,2,9.15
"2023-07-01",9,other,266,1,200.00
"2023-07-01",10,organic,152,1,10.34
"2023-07-01",10,partner,539,1,4.80
"2023-07-01",11,other,323,1,242.86
"2023-07-01",11,event,10348,1,603.38
"2023-07-01",11,partner,264,2,2.35
"2023-07-01",12,organic,3582,1,243.67
"2023-07-01",12,event,10699,2,623.85
"2023-07-01",12,partner,2413,3,21.50
"2023-07-01",13,partner,11212,2,99.89
"2023-07-01",13,ads,735,1,3.05
"2023-07-01",13,organic,760,1,51.70
"2023-07-01",14,organic,4949,2,336.67
"2023-07-01",14,partner,2450,2,21.83
"2023-07-01",14,ads,2493,2,10.35
"2023-07-01",15,event,665,1,38.78
"2023-07-01",15,organic,9978,3,678.78
"2023-07-01",15,other,209,1,157.14
"2023-07-01",15,partner,4133,2,36.82
"2023-07-01",15,ads,2985,2,12.40
"2023-07-01",16,other,323,1,242.86
"2023-07-01",16,event,2646,1,154.29
"2023-07-01",16,organic,5520,3,375.51
"2023-07-01",16,partner,6435,1,57.33
"2023-07-01",16,ads,3184,1,13.22
"2023-07-01",17,event,9464,2,551.84
"2023-07-01",17,organic,882,1,60.00
"2023-07-01",17,other,343,1,257.89
"2023-07-01",17,partner,10453,2,93.13
"2023-06-01",0,organic,784,1,100.00
"2023-06-01",0,other,1617,1,100.00
"2023-06-01",1,event,4887,1,100.00
"2023-06-01",1,other,1360,1,84.11
"2023-06-01",2,event,245,1,5.01
"2023-06-01",2,ads,2697,1,100.00
"2023-06-01",2,partner,196,1,100.00
"2023-06-01",2,other,1121,3,69.33
"2023-06-01",3,ads,14129,1,523.88
"2023-06-01",3,partner,2398,2,1223.47
"2023-06-01",3,other,1842,2,113.91
"2023-06-01",4,other,1064,2,65.80
"2023-06-01",4,organic,171,1,21.81
"2023-06-01",4,ads,15920,1,590.29
"2023-06-01",4,event,8284,1,169.51
"2023-06-01",5,partner,1071,2,546.43
"2023-06-01",5,ads,589,1,21.84
"2023-06-01",5,event,340,1,6.96
"2023-06-01",5,other,5989,2,370.38
"2023-06-01",6,event,2976,2,60.90
"2023-06-01",6,organic,9383,3,1196.81
"2023-06-01",6,other,6114,3,378.11
"2023-06-01",7,event,9552,2,195.46
"2023-06-01",7,organic,2388,1,304.59
"2023-06-01",7,other,13381,2,827.52
"2023-06-01",8,other,3980,1,246.13
"2023-06-01",8,event,5970,1,122.16
"2023-06-01",8,organic,1715,1,218.75
"2023-06-01",9,organic,3213,1,409.82
"2023-06-01",9,event,95,1,1.94
"2023-06-01",9,partner,882,1,450.00
"2023-06-01",10,organic,1127,1,143.75
"2023-06-01",10,partner,5989,2,3055.61
"2023-06-01",10,other,4776,2,295.36
"2023-06-01",10,event,995,1,20.36
"2023-06-01",11,organic,209,1,26.66
"2023-06-01",11,other,8821,2,545.52
"2023-06-01",12,organic,3031,3,386.61
"2023-06-01",12,other,12793,2,791.16
"2023-06-01",12,ads,1519,1,56.32
"2023-06-01",12,event,1862,1,38.10
"2023-06-01",13,organic,6169,1,786.86
"2023-06-01",13,other,11753,3,726.84
"2023-06-01",14,partner,1245,2,635.20
"2023-06-01",14,event,95,1,1.94
"2023-06-01",14,other,1292,1,79.90
"2023-06-01",14,ads,589,1,21.84
"2023-06-01",15,event,1159,2,23.72
"2023-06-01",15,other,266,1,16.45
"2023-06-01",15,ads,4655,1,172.60
"2023-06-01",15,partner,457,1,233.16
"2023-06-01",16,ads,8358,1,309.90
"2023-06-01",16,organic,6307,2,804.46
"2023-06-01",16,other,6387,3,394.99
"2023-06-01",16,partner,6567,1,3350.51
"2023-06-01",17,event,530,1,10.85
"2023-06-01",17,other,1482,2,91.65
"2023-06-01",17,partner,2107,1,1075.00
"2023-06-01",18,other,1862,1,115.15
"2023-06-01",18,partner,398,1,203.06
"2023-05-01",0,ads,7403,3,100.00
"2023-05-01",0,organic,2786,1,100.00
"2023-05-01",0,partner,3383,1,100.00
"2023-05-01",1,ads,4184,3,56.52
"2023-05-01",1,event,6848,2,100.00
"2023-05-01",1,other,18754,4,100.00
"2023-05-01",1,partner,8888,2,262.73
"2023-05-01",2,ads,12232,5,165.23
"2023-05-01",2,organic,646,1,23.19
"2023-05-01",2,other,10143,2,54.08
"2023-05-01",2,event,3724,2,54.38
"2023-05-01",3,organic,19064,2,684.28
"2023-05-01",3,partner,3582,1,105.88
"2023-05-01",3,ads,8710,3,117.66
"2023-05-01",3,other,7936,2,42.32
"2023-05-01",3,event,9235,3,134.86
"2023-05-01",4,organic,649,1,23.30
"2023-05-01",4,other,735,1,3.92
"2023-05-01",4,partner,1617,1,47.80
"2023-05-01",4,ads,1857,3,25.08
"2023-05-01",4,event,14813,3,216.31
"2023-05-01",5,other,441,1,2.35
"2023-05-01",5,event,4067,2,59.39
"2023-05-01",5,organic,418,1,15.00
"2023-05-01",5,ads,25303,3,341.79
"2023-05-01",5,partner,1900,2,56.16
"2023-05-01",6,event,2664,2,38.90
"2023-05-01",6,other,6817,4,36.35
"2023-05-01",6,ads,1042,2,14.08
"2023-05-01",7,other,16505,5,88.01
"2023-05-01",7,partner,1911,1,56.49
"2023-05-01",7,event,18705,4,273.15
"2023-05-01",7,ads,8380,3,113.20
"2023-05-01",8,ads,8942,3,120.79
"2023-05-01",8,other,15260,2,81.37
"2023-05-01",8,event,5533,2,80.80
"2023-05-01",9,ads,3214,4,43.41
"2023-05-01",9,other,784,1,4.18
"2023-05-01",9,organic,10179,1,365.36
"2023-05-01",9,partner,1748,2,51.67
"2023-05-01",9,event,3969,2,57.96
"2023-05-01",10,ads,2891,2,39.05
"2023-05-01",10,event,19599,4,286.20
"2023-05-01",11,event,1568,1,22.90
"2023-05-01",11,ads,4240,3,57.27
"2023-05-01",11,other,9505,3,50.68
"2023-05-01",11,organic,12935,1,464.29
"2023-05-01",11,partner,7250,2,214.31
"2023-05-01",12,event,5112,2,74.65
"2023-05-01",12,ads,7558,4,102.09
"2023-05-01",12,partner,4067,3,120.22
"2023-05-01",12,organic,17711,1,635.71
"2023-05-01",12,other,2445,2,13.04
"2023-05-01",13,event,57,1,0.83
"2023-05-01",13,partner,18308,1,541.18
"2023-05-01",13,other,8481,2,45.22
"2023-05-01",13,ads,8159,1,110.21
"2023-05-01",14,event,2813,3,41.08
"2023-05-01",14,partner,12736,3,376.47
"2023-05-01",14,other,3688,2,19.67
"2023-05-01",14,ads,13240,6,178.85
"2023-05-01",15,partner,1910,2,56.46
"2023-05-01",15,event,5198,4,75.91
"2023-05-01",15,other,5252,3,28.00
"2023-05-01",15,ads,18747,5,253.24
"2023-05-01",16,other,15128,4,80.67
"2023-05-01",16,ads,2375,3,32.08
"2023-05-01",16,event,8171,4,119.32
"2023-05-01",16,partner,1666,1,49.25
"2023-05-01",16,organic,1225,1,43.97
"2023-05-01",17,ads,5069,3,68.47
"2023-05-01",17,event,9453,4,138.04
"2023-05-01",17,other,779,1,4.15
"2023-05-01",17,partner,3185,1,94.15
"2023-05-01",17,organic,1591,1,57.11
"2023-05-01",18,organic,418,1,15.00
"2023-05-01",18,ads,4227,1,57.10
"2023-05-01",18,event,30630,5,447.28
"2023-05-01",18,other,18144,4,96.75
"2023-05-01",18,partner,2842,1,84.01
"2023-05-01",19,other,10593,3,56.48
"2023-05-01",19,event,5954,3,86.95
"2023-05-01",19,ads,2522,2,34.07
"2023-05-01",19,partner,882,1,26.07
"2023-05-01",19,organic,4378,1,157.14
"2023-04-01",0,organic,3953,3,100.00
"2023-04-01",0,partner,285,1,100.00
"2023-04-01",1,ads,637,1,100.00
"2023-04-01",1,organic,10547,2,266.81
"2023-04-01",1,partner,95,1,33.33
"2023-04-01",2,organic,3184,1,80.55
"2023-04-01",2,event,833,1,100.00
"2023-04-01",2,ads,597,1,93.72
"2023-04-01",3,organic,2719,3,68.78
"2023-04-01",3,ads,285,1,44.74
"2023-04-01",3,partner,2817,1,988.42
"2023-04-01",4,event,6506,1,781.03
"2023-04-01",4,organic,2285,2,57.80
"2023-04-01",4,ads,931,2,146.15
"2023-04-01",4,partner,13430,5,4712.28
"2023-04-01",5,organic,8098,2,204.86
"2023-04-01",5,ads,1859,1,291.84
"2023-04-01",5,partner,4776,1,1675.79
"2023-04-01",6,partner,5680,2,1992.98
"2023-04-01",6,ads,1831,2,287.44
"2023-04-01",6,event,1287,2,154.50
"2023-04-01",6,organic,12338,1,312.12
"2023-04-01",7,partner,2532,3,888.42
"2023-04-01",7,event,4378,1,525.57
"2023-04-01",7,organic,2298,2,58.13
"2023-04-01",7,ads,627,1,98.43
"2023-04-01",8,ads,2529,2,397.02
"2023-04-01",8,organic,3082,2,77.97
"2023-04-01",8,partner,784,1,275.09
"2023-04-01",9,event,1078,1,129.41
"2023-04-01",9,partner,1140,4,400.00
"2023-04-01",9,organic,1913,2,48.39
"2023-04-01",10,ads,5043,2,791.68
"2023-04-01",10,partner,4975,1,1745.61
"2023-04-01",10,organic,392,1,9.92
"2023-04-01",11,partner,6134,4,2152.28
"2023-04-01",11,ads,4508,2,707.69
"2023-04-01",11,organic,539,1,13.64
"2023-04-01",12,organic,494,1,12.50
"2023-04-01",12,partner,1311,2,460.00
"2023-04-01",13,partner,4997,2,1753.33
"2023-04-01",13,organic,1166,1,29.50
"2023-04-01",13,event,9085,2,1090.64
"2023-04-01",14,ads,7824,2,1228.26
"2023-04-01",14,event,266,1,31.93
"2023-04-01",14,organic,11083,2,280.37
"2023-04-01",14,partner,171,1,60.00
"2023-04-01",15,organic,1666,1,42.15
"2023-04-01",15,partner,18399,3,6455.79
"2023-04-01",16,organic,285,1,7.21
"2023-04-01",16,partner,6169,2,2164.56
"2023-04-01",16,ads,2682,2,421.04
"2023-04-01",17,event,5874,1,705.16
"2023-04-01",17,organic,7164,1,181.23
"2023-04-01",17,ads,247,1,38.78
"2023-04-01",17,partner,2290,4,803.51
"2023-04-01",18,organic,2189,1,55.38
"2023-04-01",18,ads,2254,2,353.85
"2023-04-01",18,event,5456,1,654.98
"2023-04-01",18,partner,1788,3,627.37
"2023-04-01",19,partner,1568,1,550.18
"2023-04-01",19,organic,1941,1,49.10
"2023-04-01",20,organic,2989,2,75.61
"2023-04-01",20,ads,570,1,89.48
"2023-04-01",20,partner,10036,2,3521.40
"2023-03-01",0,other,1788,1,100.00
"2023-03-01",0,organic,646,1,100.00
"2023-03-01",0,event,8756,1,100.00
"2023-03-01",1,other,4461,3,249.50
"2023-03-01",1,partner,9154,2,100.00
"2023-03-01",1,event,836,1,9.55
"2023-03-01",2,event,2156,1,24.62
"2023-03-01",2,other,10124,3,566.22
"2023-03-01",2,ads,342,1,100.00
"2023-03-01",2,organic,646,1,100.00
"2023-03-01",3,other,2622,3,146.64
"2023-03-01",3,ads,3582,1,1047.37
"2023-03-01",3,organic,10039,3,1554.02
"2023-03-01",4,other,14763,2,825.67
"2023-03-01",4,partner,735,1,8.03
"2023-03-01",4,event,3166,1,36.16
"2023-03-01",4,organic,1666,1,257.89
"2023-03-01",5,organic,1666,1,257.89
"2023-03-01",5,other,8153,3,455.98
"2023-03-01",5,ads,4179,1,1221.93
"2023-03-01",5,event,14698,2,167.86
"2023-03-01",5,partner,1960,1,21.41
"2023-03-01",6,organic,4130,2,639.32
"2023-03-01",6,event,494,1,5.64
"2023-03-01",6,other,8903,4,497.93
"2023-03-01",7,other,6069,3,339.43
"2023-03-01",7,organic,6766,1,1047.37
"2023-03-01",8,event,4968,2,56.74
"2023-03-01",8,other,2384,3,133.33
"2023-03-01",8,organic,2401,1,371.67
"2023-03-01",9,organic,646,1,100.00
"2023-03-01",9,event,7960,1,90.91
"2023-03-01",9,other,2989,1,167.17
"2023-03-01",9,partner,5771,1,63.04
"2023-03-01",10,organic,3541,2,548.14
"2023-03-01",10,other,2156,1,120.58
"2023-03-01",10,partner,589,1,6.43
"2023-03-01",11,other,6566,3,367.23
"2023-03-01",11,event,1372,2,15.67
"2023-03-01",11,partner,12338,1,134.78
"2023-03-01",11,ads,882,1,257.89
"2023-03-01",11,organic,2388,1,369.66
"2023-03-01",12,event,5876,4,67.11
"2023-03-01",12,ads,1666,1,487.13
"2023-03-01",12,organic,2553,2,395.20
"2023-03-01",12,partner,12338,1,134.78
"2023-03-01",12,other,13321,3,745.02
"2023-03-01",13,ads,1224,1,357.89
"2023-03-01",13,other,10949,2,612.36
"2023-03-01",13,event,1519,1,17.35
"2023-03-01",14,partner,760,1,8.30
"2023-03-01",14,other,686,1,38.37
"2023-03-01",15,partner,4909,2,53.63
"2023-03-01",15,organic,9186,3,1421.98
"2023-03-01",15,other,13698,3,766.11
"2023-03-01",16,organic,9979,2,1544.74
"2023-03-01",16,partner,2254,1,24.62
"2023-03-01",16,other,13220,2,739.37
"2023-03-01",16,event,5168,3,59.02
"2023-03-01",17,other,10637,3,594.91
"2023-03-01",17,organic,1666,1,257.89
"2023-03-01",17,ads,8955,1,2618.42
"2023-03-01",18,event,4097,2,46.79
"2023-03-01",18,other,8011,4,448.04
"2023-03-01",18,organic,258,1,39.94
"2023-03-01",19,event,2156,1,24.62
"2023-03-01",19,partner,6169,1,67.39
"2023-03-01",19,other,13159,5,735.96
"2023-03-01",19,organic,10397,2,1609.44
"2023-03-01",20,partner,285,1,3.11
"2023-03-01",20,ads,7164,1,2094.74
"2023-03-01",20,other,24105,5,1348.15
"2023-03-01",20,event,5174,1,59.09
"2023-03-01",21,other,19445,6,1087.53
"2023-03-01",21,event,1715,1,19.59
"2023-03-01",21,partner,9479,2,103.55
"2023-03-01",21,organic,8666,2,1341.49
"2023-02-01",0,partner,3154,2,100.00
"2023-02-01",0,organic,3582,1,100.00
"2023-02-01",1,event,4473,3,100.00
"2023-02-01",1,ads,1666,2,100.00
"2023-02-01",1,other,3781,1,100.00
"2023-02-01",1,partner,494,1,15.66
"2023-02-01",2,event,2786,1,62.28
"2023-02-01",2,ads,245,1,14.71
"2023-02-01",2,partner,7085,2,224.64
"2023-02-01",3,ads,10443,1,626.83
"2023-02-01",3,event,23371,2,522.49
"2023-02-01",3,organic,3582,1,100.00
"2023-02-01",4,ads,1410,2,84.63
"2023-02-01",4,organic,342,1,9.55
"2023-02-01",5,ads,1320,2,79.23
"2023-02-01",5,event,722,1,16.14
"2023-02-01",5,partner,3675,1,116.52
"2023-02-01",6,event,1791,1,40.04
"2023-02-01",6,partner,18109,1,574.16
"2023-02-01",6,ads,6986,4,419.33
"2023-02-01",7,ads,2389,2,143.40
"2023-02-01",8,ads,1839,2,110.38
"2023-02-01",8,event,1791,1,40.04
"2023-02-01",8,partner,209,1,6.63
"2023-02-01",9,ads,3332,1,200.00
"2023-02-01",9,event,13742,1,307.22
"2023-02-01",9,other,570,1,15.08
"2023-02-01",9,partner,3430,2,108.75
"2023-02-01",10,ads,14182,2,851.26
"2023-02-01",10,event,1791,1,40.04
"2023-02-01",11,partner,304,2,9.64
"2023-02-01",11,event,1520,1,33.98
"2023-02-01",11,organic,3582,1,100.00
"2023-02-01",11,ads,9109,3,546.76
"2023-02-01",12,partner,3577,1,113.41
"2023-02-01",12,event,14925,2,333.67
"2023-02-01",13,partner,9629,3,305.29
"2023-02-01",13,ads,1127,1,67.65
"2023-02-01",13,other,5372,2,142.08
"2023-02-01",13,event,760,1,16.99
"2023-02-01",14,ads,1029,1,61.76
"2023-02-01",14,partner,152,1,4.82
"2023-02-01",14,other,1470,1,38.88
"2023-02-01",15,organic,5516,1,153.99
"2023-02-01",15,other,10881,2,287.78
"2023-02-01",15,event,12302,3,275.03
"2023-02-01",15,partner,14378,3,455.87
"2023-02-01",15,ads,3527,4,211.70
"2023-02-01",16,ads,6766,2,406.12
"2023-02-01",16,event,1849,2,41.34
"2023-02-01",16,partner,392,1,12.43
"2023-02-01",17,event,544,1,12.16
"2023-02-01",17,partner,1899,1,60.21
"2023-02-01",17,ads,3355,2,201.38
"2023-02-01",17,other,1470,1,38.88
"2023-02-01",17,organic,418,1,11.67
"2023-02-01",18,event,882,1,19.72
"2023-02-01",18,partner,4704,2,149.14
"2023-02-01",18,ads,9437,2,566.45
"2023-02-01",19,event,760,1,16.99
"2023-02-01",19,ads,7518,4,451.26
"2023-02-01",19,other,3781,1,100.00
"2023-02-01",20,other,11940,1,315.79
"2023-02-01",20,event,722,1,16.14
"2023-02-01",20,ads,418,1,25.09
"2023-02-01",21,event,9154,1,204.65
"2023-02-01",21,ads,2051,2,123.11
"2023-02-01",21,partner,3377,4,107.07
"2023-02-01",21,organic,3582,1,100.00
"2023-02-01",22,event,9739,2,217.73
"2023-02-01",22,ads,1470,1,88.24
"2023-02-01",22,other,2303,1,60.91
"2023-02-01",22,partner,686,1,21.75
"2023-01-01",0,other,931,1,100.00
"2023-01-01",0,organic,3753,1,100.00
"2023-01-01",1,ads,494,1,100.00
"2023-01-01",1,organic,3163,3,84.28
"2023-01-01",1,event,686,1,100.00
"2023-01-01",2,event,1194,1,174.05
"2023-01-01",2,organic,1029,1,27.42
"2023-01-01",2,partner,2058,1,100.00
"2023-01-01",3,event,5557,2,810.06
"2023-01-01",3,organic,3281,2,87.42
"2023-01-01",3,other,4145,2,445.22
"2023-01-01",4,ads,1127,1,228.14
"2023-01-01",4,event,1018,2,148.40
"2023-01-01",4,partner,6468,1,314.29
"2023-01-01",4,organic,1791,1,47.72
"2023-01-01",5,event,980,1,142.86
"2023-01-01",5,organic,9924,2,264.43
"2023-01-01",5,other,399,1,42.86
"2023-01-01",6,organic,11542,1,307.54
"2023-01-01",6,ads,5401,2,1093.32
"2023-01-01",6,event,1948,3,283.97
"2023-01-01",6,partner,1368,2,66.47
"2023-01-01",7,partner,1862,2,90.48
"2023-01-01",7,organic,399,1,10.63
"2023-01-01",8,event,1274,1,185.71
"2023-01-01",8,partner,570,1,27.70
"2023-01-01",8,organic,3025,2,80.60
"2023-01-01",9,event,4577,1,667.20
"2023-01-01",9,other,1292,1,138.78
"2023-01-01",9,organic,15382,3,409.86
"2023-01-01",10,event,5742,2,837.03
"2023-01-01",10,partner,9988,2,485.33
"2023-01-01",10,organic,7164,1,190.89
"2023-01-01",11,partner,9137,2,443.97
"2023-01-01",11,event,7761,1,1131.34
"2023-01-01",11,organic,2985,1,79.54
"2023-01-01",11,ads,1274,1,257.89
"2023-01-01",12,organic,2657,2,70.80
"2023-01-01",12,event,539,1,78.57
"2023-01-01",12,partner,2058,1,100.00
"2023-01-01",12,ads,3980,1,805.67
"2023-01-01",13,event,1078,1,157.14
"2023-01-01",13,ads,6341,2,1283.60
"2023-01-01",13,partner,7440,1,361.52
"2023-01-01",14,organic,4067,3,108.37
"2023-01-01",14,event,441,1,64.29
"2023-01-01",14,partner,5970,1,290.09
"2023-01-01",15,partner,16716,1,812.24
"2023-01-01",15,organic,11639,3,310.13
"2023-01-01",16,partner,2058,1,100.00
"2023-01-01",16,ads,6169,1,1248.79
"2023-01-01",16,other,931,1,100.00
"2023-01-01",16,event,380,1,55.39
"2023-01-01",16,organic,2786,1,74.23
"2023-01-01",17,ads,7125,1,1442.31
"2023-01-01",17,other,285,1,30.61
"2023-01-01",18,other,2985,1,320.62
"2023-01-01",18,ads,1274,1,257.89
"2023-01-01",18,partner,8159,1,396.45
"2023-01-01",18,organic,2235,2,59.55
"2023-01-01",19,event,787,1,114.72
"2023-01-01",19,other,817,1,87.76
"2023-01-01",19,partner,570,1,27.70
"2023-01-01",19,organic,551,1,14.68
"2023-01-01",20,event,798,1,116.33
"2023-01-01",20,other,1615,2,173.47
"2023-01-01",20,organic,2223,1,59.23
"2023-01-01",20,ads,13532,1,2739.27
"2023-01-01",20,partner,2628,2,127.70
"2023-01-01",21,partner,5970,1,290.09
"2023-01-01",21,other,4467,3,479.81
"2023-01-01",21,organic,12935,1,344.66
"2023-01-01",22,partner,8159,1,396.45
"2023-01-01",22,organic,133,1,3.54
"2023-01-01",22,event,4577,1,667.20
"2023-01-01",23,partner,2989,2,145.24
"2023-01-01",23,organic,10863,3,289.45
"2023-01-01",23,event,735,1,107.14
